Timestamp,Student_ID,Suspicion_Score
2026-09-15 17:09:52,1,0.85
2026-09-15 17:09:52,1,0.85
2026-09-15 17:09:52,1,0.85
2026-09-15 17:09:53,1,0.85
2026-09-15 17:09:53,1,0.85
2026-09-15 17:09:53,1,0.85
2026-09-15 17:09:53,1,0.85
2026-09-15 17:09:53,1,0.85
2026-09-15 17:09:53,1,0.85
2026-09-15 17:09:53,1,0.85
2026-09-15 17:09:53,1,0.85
2026-09-15 17:09:53,1,0.85
2026-09-15 17:09:53,1,0.85
2026-09-15 17:09:53,1,0.85
2026-09-15 17:09:53,1,0.85
2026-09-15 17:09:53,1,0.85
2026-09-15 17:09:53,1,0.85
2026-09-15 17:09:53,1,0.85
2026-09-15 17:09:53,1,0.85
2026-09-15 17:09:53,1,0.85
2026-09-15 17:09:53,1,0.85
2026-09-15 17:09:53,1,0.85
2026-09-15 17:09:53,1,0.85
2026-09-15 17:09:53,1,0.85
2026-09-15 17:09:53,1,0.85
2026-09-15 17:09:53,1,0.85
2026-09-15 17:09:53,1,0.85
2026-09-15 17:09:53,1,0.85
2026-09-15 17:09:53,1,0.85
2026-09-15 17:09:53,1,0.85
2026-09-15 17:09:53,1,0.85
2026-09-15 17:09:53,1,0.85
2026-09-15 17:09:53,1,0.85
2026-09-15 17:09:53,1,0.85
2026-09-15 17:09:53,1,0.85
2026-09-15 17:09:54,1,0.85
2026-09-15 17:09:54,1,0.85
2026-09-15 17:09:54,1,0.85
2026-09-15 17:09:54,1,0.85
2026-09-15 17:09:54,1,0.85
2026-09-15 17:09:54,1,0.85
2026-09-15 17:09:54,1,0.85
2026-09-15 17:09:54,1,0.85
2026-09-15 17:09:54,1,0.85
2026-09-15 17:09:54,1,0.85
2026-09-15 17:09:54,1,0.85
2026-09-15 17:09:54,1,0.85
2026-09-15 17:09:54,1,0.85
2026-09-15 17:09:54,1,0.85
2026-09-15 17:09:54,1,0.85
2026-09-15 17:09:54,1,0.85
2026-09-15 17:09:54,1,0.85
2026-09-15 17:09:54,1,0.85
2026-09-15 17:09:54,1,0.85
2026-09-15 17:09:54,1,0.85
2026-09-15 17:09:54,1,0.85
2026-09-15 17:09:54,1,0.85
2026-09-15 17:09:54,1,0.85
2026-09-15 17:09:54,1,0.85
2026-09-15 17:09:54,1,0.85
2026-09-15 17:09:56,1,0.85
2026-09-15 17:09:56,1,0.85
2026-09-15 17:09:56,1,0.85
2026-09-15 17:09:56,1,0.85
2026-09-15 17:09:56,1,0.85
2026-09-15 17:09:56,1,0.85
2026-09-15 17:09:56,1,0.85
2026-09-15 17:09:56,1,0.85
2026-09-15 17:09:56,1,0.85
2026-09-15 17:09:56,1,0.85
2026-09-15 17:09:56,1,0.85
2026-09-15 17:09:56,1,0.85
2026-09-15 17:09:56,1,0.85
2026-09-15 17:09:56,1,0.85
2026-09-15 17:09:56,1,0.85
2026-09-15 17:09:56,1,0.85
2026-09-15 17:09:56,1,0.85
2026-09-15 17:09:57,1,0.85
2026-09-15 17:09:57,1,0.85
2026-09-15 17:09:57,1,0.85
2026-09-15 17:09:57,1,0.85
2026-09-15 17:09:57,1,0.85
2026-09-15 17:09:57,1,0.85
2026-09-15 17:09:57,1,0.85
2026-09-15 17:09:57,1,0.85
2026-09-15 17:09:57,1,0.85
2026-09-15 17:09:57,1,0.85
2026-09-15 17:09:57,1,0.85
2026-09-15 17:09:57,1,0.85
2026-09-15 17:09:57,1,0.85
2026-09-15 17:09:57,1,0.85
2026-09-15 17:09:57,1,0.85
2026-09-15 17:09:57,1,0.85
2026-09-15 17:09:57,1,0.85
2026-09-15 17:09:57,1,0.85
2026-09-15 17:09:57,1,0.85
2026-09-15 17:09:57,1,0.85
2026-09-15 17:09:57,1,0.85
2026-09-15 17:09:57,1,0.85
2026-09-15 17:09:57,1,0.85
2026-09-15 17:09:57,1,0.85
2026-09-15 17:09:57,1,0.85
2026-09-15 17:09:57,1,0.85
2026-09-15 17:09:57,1,0.85
2026-09-15 17:09:57,1,0.85
2026-09-15 17:09:57,1,0.85
2026-09-15 17:09:58,1,0.85
2026-09-15 17:09:58,1,0.85
2026-09-15 17:09:58,1,0.85
2026-09-15 17:09:58,1,0.85
2026-09-15 17:09:58,1,0.85
2026-09-15 17:09:58,1,0.85
2026-09-15 17:09:58,1,0.85
2026-09-15 17:09:58,1,0.85
2026-09-15 17:09:58,1,0.85
2026-09-15 17:09:58,1,0.85
2026-09-15 17:09:58,1,0.85
2026-09-15 17:09:58,1,0.85
2026-09-15 17:09:58,1,0.85
2026-09-15 17:09:58,1,0.85
2026-09-15 17:09:58,1,0.85
2026-09-15 17:10:00,1,0.85
2026-09-15 17:10:00,1,0.85
2026-09-15 17:10:00,1,0.85
2026-09-15 17:10:00,1,0.85
2026-09-15 17:10:00,1,0.85
2026-09-15 17:10:00,1,0.85
2026-09-15 17:10:00,1,0.85
2026-09-15 17:10:00,1,0.85
2026-09-15 17:10:00,1,0.85
2026-09-15 17:10:00,1,0.85
2026-09-15 17:10:00,1,0.85
2026-09-15 17:10:00,1,0.85
2026-09-15 17:10:00,1,0.85
2026-09-15 17:10:00,1,0.85
2026-09-15 17:10:00,1,0.85
2026-09-15 17:10:00,1,0.85
2026-09-15 17:10:00,1,0.85
2026-09-15 17:10:00,1,0.85
2026-09-15 17:10:00,1,0.85
2026-09-15 17:10:00,1,0.85
2026-09-15 17:10:00,1,0.85
2026-09-15 17:10:01,1,0.85
2026-09-15 17:10:01,1,0.85
2026-09-15 17:10:01,1,0.85
2026-09-15 17:10:01,1,0.85
2026-09-15 17:10:01,1,0.85
2026-09-15 17:10:01,1,0.85
2026-09-15 17:10:01,1,0.85
2026-09-15 17:10:01,1,0.85
2026-09-15 17:10:01,1,0.85
2026-09-15 17:10:01,1,0.85
2026-09-15 17:10:01,1,0.85
2026-09-15 17:10:01,1,0.85
2026-09-15 17:10:01,1,0.85
2026-09-15 17:10:01,1,0.85
2026-09-15 17:10:01,1,0.85
2026-09-15 17:10:01,1,0.85
2026-09-15 17:10:01,1,0.85
2026-09-15 17:10:01,1,0.85
2026-09-15 17:10:01,1,0.85
2026-09-15 17:10:01,1,0.85
2026-09-15 17:10:01,1,0.85
2026-09-15 17:10:01,1,0.85
2026-09-15 17:10:01,1,0.85
2026-09-15 17:10:01,1,0.85
2026-09-15 17:10:01,1,0.85
2026-09-15 17:10:01,1,0.85
2026-09-15 17:10:01,1,0.85
2026-09-15 17:10:01,1,0.85
2026-09-15 17:10:02,1,0.85
2026-09-15 17:10:02,1,0.85
2026-09-15 17:10:02,1,0.85
2026-09-15 17:10:02,1,0.85
2026-09-15 17:10:02,1,0.85
2026-09-15 17:10:02,1,0.85
2026-09-15 17:10:02,1,0.85
2026-09-15 17:10:02,1,0.85
2026-09-15 17:10:02,1,0.85
2026-09-15 17:10:02,1,0.85
2026-09-15 17:10:02,1,0.85
2026-09-15 17:10:03,1,0.85
2026-09-15 17:10:03,1,0.85
2026-09-15 17:10:03,1,0.85
2026-09-15 17:10:03,1,0.85
2026-09-15 17:10:03,1,0.85
2026-09-15 17:10:03,1,0.85
2026-09-15 17:10:03,1,0.85
2026-09-15 17:10:03,1,0.85
2026-09-15 17:10:03,1,0.85
2026-09-15 17:10:03,1,0.85
2026-09-15 17:10:03,1,0.85
2026-09-15 17:10:03,1,0.85
2026-09-15 17:10:03,1,0.85
2026-09-15 17:10:03,1,0.85
2026-09-15 17:10:03,1,0.85
2026-09-15 17:10:03,1,0.85
2026-09-15 17:10:03,1,0.85
2026-09-15 17:10:03,1,0.85
2026-09-15 17:10:03,1,0.85
2026-09-15 17:10:03,1,0.85
2026-09-15 17:10:03,1,0.85
2026-09-15 17:10:03,1,0.85
2026-09-15 17:10:03,1,0.85
2026-09-15 17:10:03,1,0.85
2026-09-15 17:10:03,1,0.85
2026-09-15 17:10:03,1,0.85
2026-09-15 17:10:04,1,0.85
2026-09-15 17:10:04,1,0.85
2026-09-15 17:10:04,1,0.85
2026-09-15 17:10:04,1,0.85
2026-09-15 17:10:04,1,0.85
2026-09-15 17:10:04,1,0.85
2026-09-15 17:10:04,1,0.85
2026-09-15 17:10:04,1,0.85
2026-09-15 17:10:04,1,0.85
2026-09-15 17:10:04,1,0.85
2026-09-15 17:10:04,1,0.85
2026-09-15 17:10:04,1,0.85
2026-09-15 17:10:04,1,0.85
2026-09-15 17:10:04,1,0.85
2026-09-15 17:10:04,1,0.85
2026-09-15 17:10:04,1,0.85
2026-09-15 17:10:04,1,0.85
2026-09-15 17:10:04,1,0.85
2026-09-15 17:10:04,1,0.85
2026-09-15 17:10:04,1,0.85
2026-09-15 17:10:04,1,0.85
2026-09-15 17:10:04,1,0.85
2026-09-15 17:10:04,1,0.85
2026-09-15 17:10:04,1,0.85
2026-09-15 17:10:04,1,0.85
2026-09-15 17:10:04,1,0.85
2026-09-15 17:10:04,1,0.85
2026-09-15 17:10:04,1,0.85
2026-09-15 17:10:04,1,0.85
2026-09-15 17:10:05,1,0.85
2026-09-15 17:10:05,1,0.85
2026-09-15 17:10:05,1,0.85
2026-09-16 14:00:41,1,0.85
2026-09-16 14:00:41,1,0.85
2026-09-16 14:00:41,1,0.85
2026-09-16 14:00:41,1,0.85
2026-09-16 14:00:41,1,0.85
2026-09-16 14:00:41,1,0.85
2026-09-16 14:00:41,1,0.85
2026-09-16 14:00:41,1,0.85
2026-09-16 14:00:41,1,0.85
2026-09-16 14:00:41,1,0.85
2026-09-16 14:00:41,1,0.85
2026-09-16 14:00:41,1,0.85
2026-09-16 14:00:41,1,0.85
2026-09-16 14:00:41,1,0.85
2026-09-16 14:00:41,1,0.85
2026-09-16 14:00:41,1,0.85
2026-09-16 14:00:41,1,0.85
2026-09-16 14:00:41,1,0.85
2026-09-16 14:00:41,1,0.85
2026-09-16 14:00:41,1,0.85
2026-09-16 14:00:41,1,0.85
2026-09-16 14:00:41,1,0.85
2026-09-16 14:00:41,1,0.85
2026-09-16 14:00:41,1,0.85
2026-09-16 14:00:41,1,0.85
2026-09-16 14:00:41,1,0.85
2026-09-16 14:00:41,1,0.85
2026-09-16 14:00:41,1,0.85
2026-09-16 14:00:42,1,0.85
2026-09-16 14:00:42,1,0.85
2026-09-16 14:00:42,1,0.85
2026-09-16 14:00:42,1,0.85
2026-09-16 14:00:42,1,0.85
2026-09-16 14:00:42,1,0.85
2026-09-16 14:00:42,1,0.85
2026-09-16 14:00:42,1,0.85
2026-09-16 14:00:42,1,0.85
2026-09-16 14:00:42,1,0.85
2026-09-16 14:00:42,1,0.85
2026-09-16 14:00:42,1,0.85
2026-09-16 14:00:42,1,0.85
2026-09-16 14:00:42,1,0.85
2026-09-16 14:00:42,1,0.85
2026-09-16 14:00:42,1,0.85
2026-09-16 14:00:42,1,0.85
2026-09-16 14:00:42,1,0.85
2026-09-16 14:00:42,1,0.85
2026-09-16 14:00:42,1,0.85
2026-09-16 14:00:42,1,0.85
2026-09-16 14:00:42,1,0.85
2026-09-16 14:00:42,1,0.85
2026-09-16 14:00:42,1,0.85
2026-09-16 14:00:42,1,0.85
2026-09-16 14:00:42,1,0.85
2026-09-16 14:00:42,1,0.85
2026-09-16 14:00:42,1,0.85
2026-09-16 14:00:42,1,0.85
2026-09-16 14:00:42,1,0.85
2026-09-16 14:00:43,1,0.85
2026-09-16 14:00:43,1,0.85
